artistName,artistId,songName,songId,availableMarket,songPopularity
M83,63MQldklfxkjYDoUE4Tppz,Midnight City,1eyzqe2QqGZUmfcPZtrIyt,"CA,US",71.0
Daft Punk,4tZwfgrHOc3mvqYlEYSvVi,Get Lucky (feat. Pharrell Williams & Nile Rodgers) - Radio Edit,2Foc5Q5nqNiosCNqttzHof,"AD,AE,AR,AT,AU,BE,BG,BH,BO,BR,CA,CH,CL,CO,CR,CY,CZ,DE,DK,DO,DZ,EC,EE,EG,ES,FI,FR,GB,GR,GT,HK,HN,HU,ID,IE,IL,IN,IS,IT,JO,JP,KW,LB,LI,LT,LU,LV,MA,MC,MT,MX,MY,NI,NL,NO,NZ,OM,PA,PE,PH,PL,PS,PT,PY,QA,RO,SA,SE,SG,SK,SV,TH,TN,TR,TW,US,UY,VN,ZA",77.0
Foster The People,7gP3bB2nilZXLfPHJhMdvc,Pumped Up Kicks,7w87IxuO7BDcJ3YUqCyMTT,"AD,AE,AR,AT,AU,BE,BG,BH,BO,BR,CA,CH,CL,CO,CR,CY,CZ,DE,DK,DO,DZ,EC,EE,EG,ES,FI,FR,GB,GR,GT,HK,HN,HU,ID,IE,IL,IN,IS,IT,JO,JP,KW,LB,LI,LT,LU,LV,MA,MC,MT,MX,MY,NI,NL,NO,NZ,OM,PA,PE,PH,PL,PS,PT,PY,QA,RO,SA,SE,SG,SK,SV,TH,TN,TR,TW,US,UY,VN,ZA",84.0
Kanye West,5K4W6rqBFWDnAN6FQUkS6x,Black Skinhead,722tgOgdIbNe3BEyLnejw4,"AD,AE,AR,AT,AU,BE,BG,BH,BO,BR,CA,CH,CL,CO,CR,CY,CZ,DE,DK,DO,DZ,EC,EE,EG,ES,FI,FR,GB,GR,GT,HK,HN,HU,ID,IE,IL,IN,IS,IT,JO,JP,KW,LB,LI,LT,LU,LV,MA,MC,MT,MX,MY,NI,NL,NO,NZ,OM,PA,PE,PH,PL,PS,PT,PY,QA,RO,SA,SE,SG,SK,SV,TH,TN,TR,TW,US,UY,VN,ZA",76.0
fun.,5nCi3BB41mBaMH9gfr6Su0,We Are Young (feat. Janelle Monáe),7a86XRg84qjasly9f6bPSD,"AT,BG,CH,CZ,DE,DK,EE,FI,HU,IL,IS,LT,LV,NO,PL,RO,SE,SK,TR,US",72.0
Nirvana,6olE6TJLqED3rqDCT0FyPh,Smells Like Teen Spirit,5ghIJDpPoe3CfHMGu71E6T,"CA,MX,US",76.0
Gotye,2AsusXITU8P25dlRNhcAbG,Somebody That I Used To Know,4wCmqSrbyCgxEXROQE6vtV,"CA,CR,MX,US",75.0
Arctic Monkeys,7Ln80lUS6He07XvHI8qqHH,Do I Wanna Know?,5FVd6KXrgO9B3JPmC8OPst,"AD,AE,AR,AT,BE,BG,BH,BO,BR,CA,CH,CL,CO,CR,CY,CZ,DE,DK,DO,DZ,EC,EE,EG,ES,FI,FR,GB,GR,GT,HK,HN,HU,ID,IE,IL,IN,IS,IT,JO,JP,KW,LB,LI,LT,LU,LV,MA,MC,MT,MX,MY,NI,NL,NO,OM,PA,PE,PH,PL,PS,PT,PY,QA,RO,SA,SE,SG,SK,SV,TH,TN,TR,TW,US,UY,VN,ZA",83.0
Passenger,0gadJ2b9A4SKsB1RFkBb66,Let Her Go,0JmiBCpWc1IAc0et7Xm7FL,"CA,DO,MX,US",68.0
Loose Passenger Seat,5Dx4bvCuqjFyztRUYn82C5,I Let Her Go (acoustic mix),3Ssak9ZUFG3ctLs70oUyUX,"AD,AE,AR,AT,AU,BE,BG,BH,BO,BR,CA,CH,CL,CO,CR,CY,CZ,DE,DK,DO,DZ,EC,EE,EG,ES,FI,FR,GB,GR,GT,HK,HN,HU,ID,IE,IL,IN,IS,IT,JO,JP,KW,LB,LI,LT,LU,LV,MA,MC,MT,MX,MY,NI,NL,NO,NZ,OM,PA,PE,PH,PL,PS,PT,PY,QA,RO,SA,SE,SG,SK,SV,TH,TN,TR,TW,US,UY,VN,ZA",25.0
The Temper Trap,4W48hZAnAHVOC2c8WH8pcq,Sweet Disposition,5RoIXwyTCdyUjpMMkk4uPd,US,66.0
MGMT,0SwO7SWeDHJijQ3XNS7xEE,Kids,1jJci4qxiYcOHhQR247rEU,"AD,AE,AR,AT,AU,BE,BG,BH,BO,BR,CA,CH,CL,CO,CR,CY,CZ,DE,DK,DO,DZ,EC,EE,EG,ES,FI,FR,GB,GR,GT,HK,HN,HU,ID,IE,IL,IN,IS,IT,JO,JP,KW,LB,LI,LT,LU,LV,MA,MC,MT,MX,MY,NI,NL,NO,NZ,OM,PA,PE,PH,PL,PS,PT,PY,QA,RO,SA,SE,SG,SK,SV,TH,TN,TR,TW,US,UY,VN,ZA",77.0
Clean Bandit,6MDME20pz9RveH9rEXvrOM,Rather Be (feat. Jess Glynne),3s4U7OHV7gnj42VV72eSZ6,"AD,AE,AR,AT,AU,BE,BG,BH,BO,BR,CA,CH,CL,CO,CR,CY,CZ,DE,DK,DO,DZ,EC,EE,EG,ES,FI,FR,GB,GR,GT,HK,HN,HU,ID,IE,IL,IS,IT,JO,JP,KW,LB,LT,LU,LV,MA,MC,MT,MX,MY,NI,NL,NO,NZ,OM,PA,PE,PH,PL,PT,PY,QA,RO,SA,SE,SG,SK,SV,TH,TN,TR,TW,US,UY,VN,ZA",73.0
OneRepublic,5Pwc4xIPtQLFEnJriah9YJ,Counting Stars,6sy3LkhNFjJWlaeSMNwQ62,"CA,MX,US",74.0
Imagine Dragons,53XhwfbYqKCa1cC15pYq2q,Radioactive,4G8gkOterJn0Ywt6uhqbhp,"CA,US",73.0
The Killers,0C0XlULifJtAgn6ZNCW2eu,Mr. Brightside,7oK9VyNzrYvRFo7nQEYkWN,"CA,MX,US",79.0
Mark Ronson,3hv9jJF3adDNsBSIQDqcjp,Uptown Funk,32OlwWuMpZ6b0aN2RZOeMS,"AD,AE,AR,AT,AU,BE,BG,BH,BO,BR,CA,CH,CL,CO,CR,CY,CZ,DE,DK,DO,DZ,EC,EE,EG,ES,FI,FR,GB,GR,GT,HK,HN,HU,ID,IE,IL,IN,IS,IT,JO,JP,KW,LB,LI,LT,LU,LV,MA,MC,MT,MX,MY,NI,NL,NO,NZ,OM,PA,PE,PH,PL,PS,PT,PY,QA,RO,SA,SE,SG,SK,SV,TH,TN,TR,TW,US,UY,VN,ZA",82.0
Rihanna,5pKCCKE2ajJHZ9KAiaK11H,We Found Love,6qn9YLKt13AGvpq9jfO8py,"AD,AR,AU,BG,BO,BR,CA,CL,CO,CR,CY,CZ,DO,EC,EE,ES,FI,GR,GT,HK,HN,HU,ID,IL,IN,IS,JP,LI,LT,LV,MC,MT,MY,NI,NL,NO,NZ,PA,PE,PH,PL,PT,PY,RO,SG,SK,SV,TH,TR,TW,US,VN,ZA",75.0
AWOLNATION,4njdEjTnLfcGImKZu1iSrz,Sail,5xhQChGGhKLWqBqX4XhtYE,"AD,AE,AR,AT,BE,BG,BH,BO,BR,CA,CH,CL,CO,CR,CY,CZ,DE,DK,DO,DZ,EC,EE,EG,ES,FI,FR,GB,GR,GT,HN,HU,IE,IL,IN,IS,IT,JO,KW,LB,LI,LT,LU,LV,MA,MC,MT,MX,NI,NL,NO,OM,PA,PE,PL,PS,PT,PY,QA,RO,SA,SE,SK,SV,TN,TR,US,UY,ZA",74.0
Bruno Mars,0du5cEVh5yTK9QJze8zA0C,Locked Out of Heaven,3w3y8KPTfNeOKPiqUTakBh,"AE,AR,AT,AU,BE,BG,BH,BO,BR,CA,CH,CL,CO,CR,CY,CZ,DE,DK,DO,DZ,EC,EE,EG,ES,FI,FR,GB,GR,GT,HK,HN,HU,ID,IE,IL,IS,IT,JO,JP,KW,LB,LT,LU,LV,MA,MT,MX,MY,NI,NL,NO,NZ,OM,PA,PE,PH,PL,PT,PY,QA,RO,SA,SG,SK,SV,TH,TN,TR,TW,US,UY,VN,ZA",78.0
Disclosure,6nS5roXSAGhTGr34W6n7Et,Latch,1DunhgeZSEgWiIYbHqXl0c,"CA,MX,US",70.0
Radiohead,4Z8W4fKeB5YxbusRsdQVPb,Creep,6b2oQwSGFkzsMtQruIWm2p,"AD,AE,AR,AT,AU,BE,BG,BH,BO,BR,CA,CH,CL,CO,CR,CY,CZ,DE,DK,DO,DZ,EC,EE,EG,ES,FI,FR,GB,GR,GT,HK,HN,HU,ID,IE,IL,IN,IS,IT,JO,JP,KW,LB,LI,LT,LU,LV,MA,MC,MT,MX,MY,NI,NL,NO,NZ,OM,PA,PE,PH,PL,PS,PT,PY,QA,RO,SA,SE,SG,SK,SV,TH,TN,TR,TW,US,UY,VN,ZA",83.0
Radiohead Tribute Band,0ADkBHZhR2cVfANgK5gHQO,Creep,5FahOwrrzUZEoMp3qkH584,"AD,AE,AR,AT,AU,BE,BG,BH,BO,BR,CA,CH,CL,CO,CR,CY,CZ,DE,DK,DO,DZ,EC,EE,EG,ES,FI,FR,GB,GR,GT,HK,HN,HU,ID,IE,IL,IN,IS,IT,JO,JP,KW,LB,LI,LT,LU,LV,MA,MC,MT,MX,MY,NI,NL,NO,NZ,OM,PA,PE,PH,PL,PS,PT,PY,QA,RO,SA,SE,SG,SK,SV,TH,TN,TR,TW,US,UY,VN,ZA",15.0
The Black Keys,7mnBLXK823vNxN3UWB7Gfz,Lonely Boy,5G1sTBGbZT5o4PNRc75RKI,"AD,AE,AR,AT,AU,BE,BG,BH,BO,BR,CA,CH,CL,CO,CR,CY,CZ,DE,DK,DO,DZ,EC,EE,EG,ES,FI,FR,GB,GR,GT,HK,HN,HU,ID,IE,IL,IS,IT,JO,JP,KW,LB,LI,LT,LU,LV,MA,MC,MT,MX,MY,NI,NL,NO,NZ,OM,PA,PE,PH,PL,PS,PT,PY,QA,RO,SA,SE,SG,SK,SV,TH,TN,TR,TW,US,UY,VN,ZA",74.0
Mumford & Sons,3gd8FJtBJtkRxdfbTu19U2,I Will Wait,0hm8rgOY17z7kQJlqGKbu7,"CA,US",71.0
Blur,7MhMgCo0Bl0Kukl93PZbYS,Song 2 - 2012 Remaster,1FTSo4v6BOZH9QxKc3MbVM,"AD,AE,AR,AT,AU,BE,BG,BH,BO,BR,CA,CH,CL,CO,CR,CY,CZ,DE,DK,DO,DZ,EC,EE,EG,ES,FI,FR,GB,GR,GT,HK,HN,HU,ID,IE,IL,IS,IT,JO,JP,KW,LB,LI,LT,LU,LV,MA,MC,MT,MX,MY,NI,NL,NO,NZ,OM,PA,PE,PH,PL,PS,PT,PY,QA,RO,SA,SE,SG,SK,SV,TH,TN,TR,TW,US,UY,VN,ZA",76.0
Of Monsters and Men,4dwdTW1Lfiq0cM8nBAqIIz,Little Talks,2ihCaVdNZmnHZWt0fvAM7B,"AD,AE,AR,AT,AU,BE,BG,BH,BO,BR,CA,CH,CL,CO,CR,CY,CZ,DE,DK,DO,DZ,EC,EE,EG,ES,FI,FR,GB,GR,GT,HK,HN,HU,ID,IE,IL,IN,IT,JO,KW,LB,LI,LT,LU,LV,MA,MC,MT,MX,MY,NI,NL,NO,NZ,OM,PA,PE,PH,PL,PS,PT,PY,QA,RO,SA,SE,SG,SK,SV,TH,TN,TR,TW,US,UY,VN,ZA",76.0
The White Stripes,4F84IBURUo98rz4r61KF70,Seven Nation Army,7i6r9KotUPQg3ozKKgEPIN,"CA,JP,MX,US",76.0
The Karaoke Machine,1SpCo1CAtNQODuohiHGICI,Seven Nation Army (White Stripes Karaoke Tribute),5J0nPPJd5Yz2X1fzqkKISD,"AD,AE,AR,AT,AU,BE,BG,BH,BO,BR,CA,CH,CL,CO,CR,CY,CZ,DE,DK,DO,DZ,EC,EE,EG,ES,FI,FR,GB,GR,GT,HK,HN,HU,ID,IE,IL,IN,IS,IT,JO,JP,KW,LB,LI,LT,LU,LV,MA,MC,MT,MX,MY,NI,NL,NO,NZ,OM,PA,PE,PH,PL,PS,PT,PY,QA,RO,SA,SE,SG,SK,SV,TH,TN,TR,TW,US,UY,VN,ZA",0.0
The Retro Spectres,4ZULQheLrsg2TXuMYSkTzp,Seven Nation Army (Originally Performed by White Stripes) [Instrumental],51fivJ5ukaHydr3nHfLfQh,"AD,AE,AR,AT,AU,BE,BG,BH,BO,BR,CA,CH,CL,CO,CR,CY,CZ,DE,DK,DO,DZ,EC,EE,EG,ES,FI,FR,GB,GR,GT,HK,HN,HU,ID,IE,IL,IN,IS,IT,JO,JP,KW,LB,LI,LT,LU,LV,MA,MC,MT,MX,MY,NI,NL,NO,NZ,OM,PA,PE,PH,PL,PS,PT,PY,QA,RO,SA,SE,SG,SK,SV,TH,TN,TR,TW,US,UY,VN,ZA",1.0
The Rock Heroes,0wp7cYNFjMgSHBDdla5aC9,Seven Nation Army (as made famous by White Stripes),79TRsvz0DA25MmNOMDvu6X,US,0.0
Oasis,2DaxqgrOhkeH0fpeiQq2f4,Wonderwall - Remastered,5wj4E6IsrVtn8IBJQOd0Cl,"CA,US",73.0
Sia,5WUlDfRSoLAfcVSX1WnrxN,Chandelier,2s1sdSqGcKxpPr5lCl7jAV,"AD,AE,AR,AT,BE,BG,BH,BO,BR,CA,CH,CL,CO,CR,CY,CZ,DE,DK,DO,DZ,EC,EE,EG,ES,FI,FR,GB,GR,GT,HK,HN,HU,ID,IE,IL,IN,IS,IT,JO,JP,KW,LB,LI,LT,LU,LV,MA,MC,MT,MX,MY,NI,NL,NO,OM,PA,PE,PH,PL,PS,PT,PY,QA,RO,SA,SE,SG,SK,SV,TH,TN,TR,TW,US,UY,VN,ZA",71.0
JAY Z,3nFkdlSjzX9mRTtwJOzDYB,Ni**as In Paris,2KpCpk6HjXXLb7nnXoXA5O,"AE,BH,CA,DZ,EG,JO,KW,LB,MA,MX,OM,QA,SA,TN,US",73.0
Guns N' Roses,3qm84nBOXUEQ2vnTfUTTFC,Sweet Child O' Mine,7snQQk1zcKl8gZ92AnueZW,"AD,AE,AR,AT,AU,BE,BG,BH,BO,BR,CA,CH,CL,CO,CR,CY,CZ,DE,DK,DO,DZ,EC,EE,EG,ES,FI,FR,GB,GR,GT,HK,HN,HU,ID,IE,IL,IN,IS,IT,JO,JP,KW,LB,LI,LT,LU,LV,MA,MC,MT,MX,MY,NI,NL,NO,NZ,OM,PA,PE,PH,PL,PS,PT,PY,QA,RO,SA,SE,SG,SK,SV,TH,TN,TR,TW,US,UY,VN,ZA",75.0
Coldplay,4gzpq5DPGxSnKTe4SA8HAU,Fix You,7LVHVU3tWfcxj5aiPFEW4Q,"AD,AE,AR,AT,AU,BE,BG,BH,BO,BR,CA,CH,CL,CO,CR,CY,CZ,DE,DK,DO,DZ,EC,EE,EG,ES,FI,FR,GB,GR,GT,HK,HN,HU,ID,IE,IL,IS,IT,JO,JP,KW,LB,LI,LT,LU,LV,MA,MC,MT,MX,MY,NI,NL,NO,NZ,OM,PA,PE,PH,PL,PS,PT,PY,QA,RO,SA,SE,SG,SK,SV,TH,TN,TR,TW,US,UY,VN,ZA",82.0
Justin Timberlake,31TPClRtHm23RisEBtV3X7,Mirrors,4rHZZAmHpZrA3iH5zx8frV,"AD,AE,AR,AT,AU,BE,BG,BH,BO,BR,CA,CH,CL,CO,CR,CY,CZ,DE,DK,DO,DZ,EC,EE,EG,ES,FI,FR,GB,GR,GT,HK,HN,HU,ID,IE,IL,IN,IS,IT,JO,JP,KW,LB,LI,LT,LU,LV,MA,MC,MT,MX,MY,NI,NL,NO,NZ,OM,PA,PE,PH,PL,PS,PT,PY,QA,RO,SA,SE,SG,SK,SV,TH,TN,TR,TW,US,UY,VN,ZA",77.0
Carly Rae Jepsen,6sFIWsNpZYqfjUpaCgueju,Call Me Maybe,3TGRqZ0a2l1LRblBkJoaDx,"CR,MX,US",69.0
Franz Ferdinand,0XNa1vTidXlvJ2gHSsRi4A,Take Me Out,6ooluO7DiEhI1zmK94nRCM,"AR,AU,BO,BR,CA,CL,CO,CR,EC,GT,HK,HN,ID,IN,JP,MX,MY,NI,NZ,PA,PE,PH,PY,SG,SV,TH,TW,US,UY,VN,ZA",75.0
Avicii,1vCWHaC5f2uS3yhpwWbIA6,Wake Me Up,4h8VwCb1MTGoLKueQ1WgbD,"AD,AE,AR,AT,AU,BE,BG,BH,BO,BR,CA,CH,CL,CO,CR,CY,CZ,DE,DK,DO,DZ,EC,EE,EG,ES,FI,FR,GB,GR,GT,HK,HN,HU,ID,IE,IL,IN,IS,IT,JO,KW,LB,LI,LT,LU,LV,MA,MC,MT,MX,MY,NI,NL,NO,NZ,OM,PA,PE,PH,PL,PS,PT,PY,QA,RO,SA,SE,SG,SK,SV,TH,TN,TR,TW,US,UY,VN,ZA",84.0
Katy Perry,6jJ0s89eD6GaHleKKya26X,Roar,6F5c58TMEs1byxUstkzVeM,"AD,AE,AR,AT,AU,BE,BG,BH,BO,BR,CA,CH,CL,CO,CR,CY,CZ,DE,DK,DO,DZ,EC,EE,EG,ES,FI,FR,GB,GR,GT,HK,HN,HU,ID,IE,IL,IN,IS,IT,JO,JP,KW,LB,LI,LT,LU,LV,MA,MC,MT,MX,MY,NI,NL,NO,NZ,OM,PA,PE,PH,PL,PS,PT,PY,QA,RO,SA,SE,SG,SK,SV,TH,TN,TR,TW,US,UY,VN,ZA",78.0
Vance Joy,10exVja0key0uqUkk6LJRT,Riptide,3JvrhDOgAt6p7K8mDyZwRd,"AD,AE,AR,AT,BE,BG,BH,BO,BR,CA,CH,CL,CO,CR,CY,CZ,DE,DK,DO,DZ,EC,EE,EG,ES,FI,FR,GB,GR,GT,HK,HN,HU,ID,IE,IL,IS,IT,JO,JP,KW,LB,LI,LT,LU,LV,MA,MC,MT,MX,MY,NI,NL,NO,OM,PA,PE,PH,PL,PS,PT,PY,QA,RO,SA,SE,SG,SK,SV,TH,TN,TR,TW,US,UY,VN,ZA",79.0
Drake,3TVXtAsR1Inumwj472S9r4,"Hold On, We're Going Home",2aSC2xhRxOLiiZZVjhbylH,"AD,AE,AR,AT,AU,BE,BG,BH,BO,BR,CA,CH,CL,CO,CR,CY,CZ,DE,DK,DO,DZ,EC,EE,EG,ES,FI,FR,GB,GR,GT,HK,HN,HU,ID,IE,IL,IN,IS,IT,JO,KW,LB,LI,LT,LU,LV,MA,MC,MT,MX,MY,NI,NL,NO,NZ,OM,PA,PE,PH,PL,PS,PT,PY,QA,RO,SA,SG,SK,SV,TH,TN,TR,TW,US,UY,VN,ZA",70.0
Calvin Harris,7CajNmpbOovFoOoasH2HaY,Summer,6YUTL4dYpB9xZO5qExPf05,"AD,AE,AR,AT,AU,BE,BG,BH,BO,BR,CA,CH,CL,CO,CR,CY,CZ,DE,DK,DO,DZ,EC,EE,EG,ES,FI,FR,GB,GR,GT,HK,HN,HU,ID,IE,IL,IN,IS,IT,JO,JP,KW,LB,LI,LT,LU,LV,MA,MC,MT,MX,MY,NI,NL,NO,NZ,OM,PA,PE,PH,PL,PS,PT,PY,QA,RO,SA,SE,SG,SK,SV,TH,TN,TR,TW,US,UY,VN,ZA",80.0
The Naked And Famous,0oeUpvxWsC8bWS6SnpU8b9,Young Blood,25nzKGDiua1lE9Qo5V19GL,"AR,AT,BE,BG,BR,CA,CH,CR,DE,DK,EE,ES,FI,FR,GB,HK,HU,ID,IE,IL,IN,IS,JP,LT,LU,LV,MX,MY,NL,NO,PL,PT,SA,SE,SG,TR,TW,US,ZA",66.0
Two Door Cinema Club,536BYVgOnRky0xjsPT96zl,What You Know,3UjtIALeg72qmJiKPWBvM3,"CA,US",70.0
Bon Iver,4LEiUm1SRbFMgfqnQTwUbQ,Skinny Love,2cbic3TiUENlJX91y67ARR,"AE,AR,AU,BH,BO,BR,CA,CL,CO,CR,CY,DO,DZ,EC,EG,GT,HK,HN,ID,IL,IN,JO,JP,KW,LB,MA,MX,MY,NI,NZ,OM,PA,PE,PH,PS,PY,QA,SA,SG,SV,TH,TN,TR,TW,US,UY,VN,ZA",72.0
Pitbull,0TnOYISbd1XYRBk9myaseg,Timber (feat. Ke$ha),3cHyrEgdyYRjgJKSOiOtcS,"AD,AR,AT,BE,BG,BO,BR,CA,CH,CL,CO,CR,CY,CZ,DE,DK,DO,DZ,EC,EE,ES,FI,FR,GR,GT,HK,HN,HU,ID,IE,IL,IN,IS,IT,JP,LI,LT,LU,LV,MA,MC,MT,MX,MY,NI,NL,NO,PA,PE,PH,PL,PT,PY,RO,SE,SG,SK,SV,TH,TN,TR,TW,US,UY,VN,ZA",76.0
Florence + The Machine,1moxjboGR7GNWYIMWsRjgG,Dog Days Are Over,1YLJVmuzeM2YSUkCCaTNUB,"CA,MX,US",71.0
Lorde,163tK9Wjr9P9DmM0AVK7lm,Royals,2dLLR6qlu5UJ5gk0dKz0h3,"AD,AE,AR,AT,AU,BE,BG,BH,BO,BR,CA,CH,CL,CO,CR,CY,CZ,DE,DK,DO,DZ,EC,EE,EG,ES,FI,FR,GB,GR,GT,HK,HN,HU,ID,IE,IL,IN,IS,IT,JO,KW,LB,LI,LT,LU,LV,MA,MC,MT,MX,MY,NI,NL,NO,NZ,OM,PA,PE,PH,PL,PS,PT,PY,QA,RO,SA,SE,SG,SK,SV,TH,TN,TR,TW,US,UY,VN,ZA",78.0
Maroon 5,04gDigrS5kc9YWfZHwBETP,Moves Like Jagger - Studio Recording From The Voice Performance,7LcfRTgAVTs5pQGEQgUEzN,"CA,CR,MX,US",70.0
Edward Sharpe & The Magnetic Zeros,7giUHu5pv6YTZgSkxxCcgh,Home,7w5cxTEzp1rfV3KCy0Bd5N,"AR,AU,BO,BR,CA,CL,CO,CR,DO,EC,GT,HN,JP,MX,NI,NZ,PA,PE,PY,SV,US,UY",70.0
Pharrell Williams,2RdwBSPQiwcmiDo9kixcl8,"Happy - From ""Despicable Me 2""",5b88tNINg4Q4nrRbrCXUmg,"AD,AE,AR,AT,AU,BE,BG,BH,BO,BR,CA,CH,CL,CO,CR,CY,CZ,DE,DK,DO,DZ,EC,EE,EG,ES,FI,FR,GB,GR,GT,HK,HN,HU,ID,IE,IL,IN,IS,IT,JO,JP,KW,LB,LI,LT,LU,LV,MA,MC,MT,MX,MY,NI,NL,NO,NZ,OM,PA,PE,PH,PL,PS,PT,PY,QA,RO,SA,SE,SG,SK,SV,TH,TN,TR,TW,US,UY,VN,ZA",80.0
Foo Fighters,7jy3rLJdDQY21OgRLCZ9sD,Everlong,5UWwZ5lm5PKu6eKsHAGxOk,"AD,AE,AR,AT,AU,BE,BG,BH,BO,BR,CA,CH,CL,CO,CR,CY,CZ,DE,DK,DO,DZ,EC,EE,EG,ES,FI,FR,GB,GR,GT,HK,HN,HU,ID,IE,IL,IN,IS,IT,JO,JP,KW,LB,LI,LT,LU,LV,MA,MC,MT,MX,MY,NI,NL,NO,NZ,OM,PA,PE,PH,PL,PS,PT,PY,QA,RO,SA,SE,SG,SK,SV,TH,TN,TR,TW,US,UY,VN,ZA",78.0
The xx,3iOvXCl6edW5Um0fXEBRXy,Intro,0DAsxISzun85PbsqAfIzeC,"CA,US",65.0
The XX's,1rC1W1RD96Sp9nlds4YMOb,Intro,2QTHumpkGlw5EyH56ltXo5,"AD,AE,AR,AT,AU,BE,BG,BH,BO,BR,CA,CH,CL,CO,CR,CY,CZ,DE,DK,DO,DZ,EC,EE,EG,ES,FI,FR,GB,GR,GT,HK,HN,HU,ID,IE,IL,IN,IS,IT,JO,JP,KW,LB,LI,LT,LU,LV,MA,MC,MT,MX,MY,NI,NL,NO,NZ,OM,PA,PE,PH,PL,PS,PT,PY,QA,RO,SA,SE,SG,SK,SV,TH,TN,TR,TW,US,UY,VN,ZA",6.0
Kings of Leon,2qk9voo8llSGYcZ6xrBzKx,Use Somebody,5VGlqQANWDKJFl0MBG3sg2,"AD,AE,AR,AT,AU,BE,BG,BH,BO,BR,CA,CH,CL,CO,CR,CY,CZ,DE,DK,DO,DZ,EC,EE,EG,ES,FI,FR,GR,GT,HK,HN,HU,ID,IL,IN,IS,IT,JO,JP,KW,LB,LI,LT,LU,LV,MA,MC,MT,MX,MY,NI,NL,NO,NZ,OM,PA,PE,PH,PL,PS,PT,PY,QA,RO,SA,SE,SG,SK,SV,TH,TN,TR,TW,US,UY,VN,ZA",77.0
Karaoke Kings,3epJjkOtpmTZmW3bAtljIB,Use Somebody (Originally Recorded by Kings of Leon) [Karaoke Version],7vCAN2fiyItMioiGKrhPlm,"AD,AE,AR,AT,AU,BE,BG,BH,BO,BR,CA,CH,CL,CO,CR,CY,CZ,DE,DK,DO,DZ,EC,EE,EG,ES,FI,FR,GB,GR,GT,HK,HN,HU,ID,IE,IL,IN,IS,IT,JO,JP,KW,LB,LI,LT,LU,LV,MA,MC,MT,MX,MY,NI,NL,NO,NZ,OM,PA,PE,PH,PL,PS,PT,PY,QA,RO,SA,SE,SG,SK,SV,TH,TN,TR,TW,US,UY,VN,ZA",0.0
alt-J,3XHO7cRUPCLOr6jwp8vsx5,Breezeblocks,3n69hLUdIsSa1WlRmjMZlW,"CA,MX,US",75.0
Muse,12Chz98pHFMPJEknJQMWvI,Uprising,4VqPOruhp5EdPBeR92t6lQ,"AD,AE,AR,AT,AU,BE,BG,BH,BO,BR,CA,CH,CL,CO,CR,CY,CZ,DE,DK,DO,DZ,EC,EE,EG,ES,FI,FR,GB,GR,GT,HK,HN,HU,ID,IE,IL,IS,IT,JO,JP,KW,LB,LI,LT,LU,LV,MA,MC,MT,MX,MY,NI,NL,NO,NZ,OM,PA,PE,PH,PL,PS,PT,PY,QA,RO,SA,SE,SG,SK,SV,TH,TN,TR,TW,US,UY,VN,ZA",77.0
Muse Day,5OAqKO2Qs4tIZyBmgBx65f,Uprising of The War,29NMUyPMFI34DHgxHHCctJ,"AD,AE,AR,AT,AU,BE,BG,BH,BO,BR,CA,CH,CL,CO,CR,CY,CZ,DE,DK,DO,DZ,EC,EE,EG,ES,FI,FR,GB,GR,GT,HK,HN,HU,ID,IE,IL,IN,IS,IT,JO,JP,KW,LB,LI,LT,LU,LV,MA,MC,MT,MX,MY,NI,NL,NO,NZ,OM,PA,PE,PH,PL,PS,PT,PY,QA,RO,SA,SE,SG,SK,SV,TH,TN,TR,TW,US,UY,VN,ZA",0.0
Ellie Goulding,0X2BH1fck6amBIoJhDVmmJ,Burn,0xMd5bcWTbyXS7wPrBtZA6,"CA,MX,US",67.0
The Lumineers,16oZKvXb6WkQlVAjwo2Wbg,Ho Hey,0W4Kpfp1w2xkY3PrV714B7,US,71.0
Tribute to The Lumineers,0dQ45R2wMoqPaySZ8qO4eU,Ho Hey,5R8YOE3rlIpwCftIpqAHPT,"AD,AE,AR,AT,AU,BE,BG,BH,BO,BR,CA,CH,CL,CO,CR,CY,CZ,DE,DK,DO,DZ,EC,EE,EG,ES,FI,FR,GB,GR,GT,HK,HN,HU,ID,IE,IL,IN,IS,IT,JO,JP,KW,LB,LI,LT,LU,LV,MA,MC,MT,MX,MY,NI,NL,NO,NZ,OM,PA,PE,PH,PL,PS,PT,PY,QA,RO,SA,SE,SG,SK,SV,TH,TN,TR,TW,US,UY,VN,ZA",10.0
The Future Hit Makers,4USFzlJddHfaZpNeXN0JPn,Ho Hey (Originally Performed By the Lumineers),2xsrgFANpxAFiSC82hiOAv,"AD,AE,AR,AT,AU,BE,BG,BH,BO,BR,CA,CH,CL,CO,CR,CY,CZ,DE,DK,DO,DZ,EC,EE,EG,ES,FI,FR,GB,GR,GT,HK,HN,HU,ID,IE,IL,IN,IS,IT,JO,JP,KW,LB,LI,LT,LU,LV,MA,MC,MT,MX,MY,NI,NL,NO,NZ,OM,PA,PE,PH,PL,PS,PT,PY,QA,RO,SA,SE,SG,SK,SV,TH,TN,TR,TW,US,UY,VN,ZA",0.0
The Karaoke Channel,5UloVKzUNJcjORzhhTWWiJ,Ho Hey,6Fm7iQ15ZWA28VIHlM3vfH,"AD,AE,AR,AT,AU,BE,BG,BH,BO,BR,CA,CH,CL,CO,CR,CY,CZ,DE,DK,DO,DZ,EC,EE,EG,ES,FI,FR,GB,GR,GT,HK,HN,HU,ID,IE,IL,IN,IS,IT,JO,JP,KW,LB,LI,LT,LU,LV,MA,MC,MT,MX,MY,NI,NL,NO,NZ,OM,PA,PE,PH,PL,PS,PT,PY,QA,RO,SA,SE,SG,SK,SV,TH,TN,TR,TW,US,UY,VN,ZA",0.0
Ed Sheeran,6eUKZXaKkcviH0Ku9w2n3V,Thinking out Loud,34gCuhDGsG4bRPIf9bb02f,"AE,AR,AT,AU,BE,BG,BH,BO,BR,CA,CH,CL,CO,CR,CY,CZ,DE,DK,DO,DZ,EC,EE,EG,ES,FI,FR,GB,GR,GT,HK,HN,HU,ID,IE,IL,IT,JO,JP,KW,LB,LT,LU,LV,MA,MT,MX,MY,NI,NL,NO,NZ,OM,PA,PE,PH,PL,PT,PY,QA,RO,SA,SE,SG,SK,SV,TH,TN,TR,TW,US,UY,VN,ZA",84.0
Ed Sheeran;Amy Wadge,2Vvz9VlewaR5wMQPrEZhC2,Thinking Out Loud (Solo Guitar Arrangement),47HyMlh1uTBwY3vtA4Ajcp,"AD,AE,AR,AT,AU,BE,BG,BH,BO,BR,CA,CH,CL,CO,CR,CY,CZ,DE,DK,DO,DZ,EC,EE,EG,ES,FI,FR,GB,GR,GT,HK,HN,HU,ID,IE,IL,IN,IS,IT,JO,JP,KW,LB,LI,LT,LU,LV,MA,MC,MT,MX,MY,NI,NL,NO,NZ,OM,PA,PE,PH,PL,PS,PT,PY,QA,RO,SA,SE,SG,SK,SV,TH,TN,TR,TW,US,UY,VN,ZA",16.0
Sam Smith,2wY79sveU1sp5g7SokKOiI,Stay With Me,5Nm9ERjJZ5oyfXZTECKmRt,"AD,AE,AR,AT,AU,BE,BG,BH,BO,BR,CA,CH,CL,CO,CR,CY,CZ,DE,DK,DO,DZ,EC,EE,EG,ES,FI,FR,GB,GR,GT,HK,HN,HU,ID,IE,IL,IN,IS,IT,JO,KW,LB,LI,LT,LU,LV,MA,MC,MT,MX,MY,NI,NL,NO,NZ,OM,PA,PE,PH,PL,PS,PT,PY,QA,RO,SA,SE,SG,SK,SV,TH,TN,TR,TW,US,UY,VN,ZA",85.0
John Legend,5y2Xq6xcjJb2jVM54GHK3t,All of Me,3U4isOIWM3VvDubwSI3y7a,"AD,AE,AR,AT,AU,BE,BG,BH,BO,BR,CA,CH,CL,CO,CR,CY,CZ,DE,DK,DO,DZ,EC,EE,EG,ES,FI,FR,GB,GR,GT,HK,HN,HU,ID,IE,IL,IN,IS,IT,JO,JP,KW,LB,LI,LT,LU,LV,MA,MC,MT,MX,MY,NI,NL,NO,NZ,OM,PA,PE,PH,PL,PS,PT,PY,QA,RO,SA,SE,SG,SK,SV,TH,TN,TR,TW,US,UY,VN,ZA",86.0
M.I.A.,0QJIPDAEDILuo8AIq3pMuU,Paper Planes,1kusepF3AacIEtUTYrw4GV,"BR,US",70.0
Meghan Trainor,6JL8zeS1NmiOftqZTRgdTz,All About That Bass,5jE48hhRu8E6zBDPRSkEq7,"AE,AR,AU,BE,BG,BH,BO,BR,CA,CH,CL,CO,CR,CY,CZ,DK,DO,EC,EE,EG,ES,FI,GB,GR,GT,HK,HN,HU,ID,IE,IL,IN,IS,IT,JO,JP,KW,LB,LI,LT,LU,LV,MT,MX,MY,NI,NL,NO,NZ,OM,PA,PE,PH,PL,PS,PT,PY,QA,RO,SA,SG,SK,SV,TH,TR,TW,US,UY,VN,ZA",70.0
Passion Pit,7gjAu1qr5C2grXeQFFOGeh,Take a Walk,4Sfa7hdVkqlM8UW5LsSY3F,"AD,AE,AR,AT,AU,BE,BG,BH,BO,BR,CA,CH,CL,CO,CR,CY,CZ,DE,DK,DO,DZ,EC,EE,EG,ES,FI,FR,GB,GR,GT,HK,HN,HU,ID,IE,IL,IN,IS,IT,JO,JP,KW,LB,LI,LT,LU,LV,MA,MC,MT,MX,MY,NI,NL,NO,NZ,OM,PA,PE,PH,PL,PS,PT,PY,QA,RO,SA,SE,SG,SK,SV,TH,TN,TR,TW,US,UY,VN,ZA",69.0
R.E.M.,4KWTAlx2RvbpseOGMEmROg,Losing My Religion,31AOj9sFz2gM0O3hMARRBx,"AD,AE,AR,AT,AU,BE,BG,BH,BO,BR,CA,CH,CL,CO,CR,CY,CZ,DE,DK,DO,DZ,EC,EE,EG,ES,FI,FR,GB,GR,GT,HK,HN,HU,ID,IE,IL,IN,IS,IT,JO,JP,KW,LB,LI,LT,LU,LV,MA,MC,MT,MX,MY,NI,NL,NO,NZ,OM,PA,PE,PH,PL,PS,PT,PY,QA,RO,SA,SE,SG,SK,SV,TH,TN,TR,TW,US,UY,VN,ZA",82.0
LMFAO,3sgFRtyBnxXD5ESfmbK4dl,Party Rock Anthem,0IkKz2J93C94Ei4BvDop7P,"AE,AU,BH,CA,CR,DZ,EG,JO,KW,LB,MA,MX,NZ,OM,QA,SA,TN,US",67.0
Milky Chance,1hzfo8twXdOegF3xireCYs,Stolen Dance,6vECYJHxYmm3Ydt3fF01pE,"CA,US",73.0
Phoenix,1xU878Z1QtBldR7ru9owdU,Lisztomania,7hwcojGiRqYm100tSmpZE3,"CA,US",64.0
Iggy Azalea,5yG7ZAZafVaAlMTeBybKAL,Fancy,3oiMJQAWVaxSubJ7b2VUtX,"AU,CA,MX,NZ,US",69.0
Adele,4dpARuHxo51G3z768sgnrY,Rolling in the Deep,1CkvWZme3pRgbzaxZnTl5X,"AR,BO,BR,CL,CO,CR,DO,EC,GT,HN,MX,NI,PA,PE,PY,SV,US,UY",75.0
Adele Adkins,6HZ5IH5ksF7cs4mg0HQlSN,Rolling in the Deep,3qathmSUDDztSA2hUBEdEm,"AD,AE,AR,AT,AU,BE,BG,BH,BO,BR,CA,CH,CL,CO,CR,CY,CZ,DE,DK,DO,DZ,EC,EE,EG,ES,FI,FR,GB,GR,GT,HK,HN,HU,ID,IE,IL,IN,IS,IT,JO,JP,KW,LB,LI,LT,LU,LV,MA,MC,MT,MX,MY,NI,NL,NO,NZ,OM,PA,PE,PH,PL,PT,PY,QA,RO,SA,SE,SG,SK,SV,TH,TN,TR,TW,US,UY,VN,ZA",16.0
Survivor,26bcq2nyj5GB7uRr558iQg,Eye of the Tiger,2KH16WveTQWT6KOG9Rg6e2,"AD,AE,AR,AT,AU,BE,BG,BH,BO,BR,CA,CH,CL,CO,CR,CY,CZ,DE,DK,DO,DZ,EC,EE,EG,ES,FI,FR,GB,GR,GT,HK,HN,HU,ID,IE,IL,IN,IS,IT,JO,JP,KW,LB,LI,LT,LU,LV,MA,MC,MT,MX,MY,NI,NL,NO,NZ,OM,PA,PE,PH,PL,PS,PT,PY,QA,RO,SA,SE,SG,SK,SV,TH,TN,TR,TW,US,UY,VN,ZA",77.0
Band of Horses,0OdUWJ0sBjDrqHygGUXeCF,The Funeral,27IZXTdeGYjU6m5lTyDpmr,"AD,AE,AR,AT,AU,BE,BG,BH,BO,BR,CA,CH,CL,CO,CR,CY,CZ,DE,DK,DO,DZ,EC,EE,EG,ES,FI,FR,GB,GR,GT,HK,HN,HU,ID,IE,IL,IN,IS,IT,JO,JP,KW,LB,LI,LT,LU,LV,MA,MC,MT,MX,MY,NI,NL,NO,NZ,OM,PA,PE,PH,PL,PS,PT,PY,QA,RO,SA,SE,SG,SK,SV,TH,TN,TR,TW,US,UY,VN,ZA",72.0
The Neighbourhood,77SW9BnxLY8rJ0RciFqkHh,Sweater Weather,2QjOHCTQ1Jl3zawyYOpxh6,"AD,AE,AR,AT,AU,BE,BG,BH,BO,BR,CA,CH,CL,CO,CR,CY,CZ,DE,DK,DO,DZ,EC,EE,EG,ES,FI,FR,GR,GT,HK,HN,HU,ID,IL,IN,IS,IT,JO,JP,KW,LB,LI,LT,LU,LV,MA,MC,MT,MX,MY,NI,NL,NO,NZ,OM,PA,PE,PH,PL,PS,PT,PY,QA,RO,SA,SE,SG,SK,SV,TH,TN,TR,TW,US,UY,VN,ZA",81.0
The Old Neighbourhood,5mLLBMFdffkAGaMJDgVlez,Christmas Sweater,5oYjRL0rnd9GCPiMnGdKZz,"AD,AE,AR,AT,AU,BE,BG,BH,BO,BR,CA,CH,CL,CO,CR,CY,CZ,DE,DK,DO,DZ,EC,EE,EG,ES,FI,FR,GB,GR,GT,HK,HN,HU,ID,IE,IL,IN,IS,IT,JO,JP,KW,LB,LI,LT,LU,LV,MA,MC,MT,MX,MY,NI,NL,NO,NZ,OM,PA,PE,PH,PL,PS,PT,PY,QA,RO,SA,SE,SG,SK,SV,TH,TN,TR,TW,US,UY,VN,ZA",29.0
The Fixation,539UhfM5s6hryzdyZtIlEE,Sweater Weather (Cover of The Neighbourhood) (Cover of The Neighbourhood),5bdVdtZD6YBNjXAFrVRj7o,"AD,AE,AR,AT,AU,BE,BG,BH,BO,BR,CA,CH,CL,CO,CR,CY,CZ,DE,DK,DO,DZ,EC,EE,EG,ES,FI,FR,GB,GR,GT,HK,HN,HU,ID,IE,IL,IN,IS,IT,JO,JP,KW,LB,LI,LT,LU,LV,MA,MC,MT,MX,MY,NI,NL,NO,NZ,OM,PA,PE,PH,PL,PS,PT,PY,QA,RO,SA,SE,SG,SK,SV,TH,TN,TR,TW,US,UY,VN,ZA",16.0
Mr. Probz,33W1pnW9zScZtYTnAoWnOT,Waves - Robin Schulz Radio Edit,5Sf3GyLEAzJXxZ5mbCPXTu,"AD,AE,AR,AU,BE,BG,BH,BO,BR,CA,CL,CO,CR,CY,CZ,DK,DO,DZ,EC,EE,EG,ES,FI,FR,GB,GR,GT,HK,HN,HU,ID,IE,IL,IN,IS,IT,JO,JP,KW,LB,LT,LU,LV,MA,MC,MT,MX,MY,NI,NL,NO,NZ,OM,PA,PE,PH,PL,PS,PT,PY,QA,RO,SA,SE,SG,SK,SV,TH,TN,TR,TW,US,UY,VN,ZA",76.0
Mr. Entertainer Karaoke,7cdl4r9XUVwt5AT16yeOwC,Waves (Robin Schulz Radio Edit) [Originally Performed by Mr. Probz] [Karaoke Version],5wpYq6TWhFUmUbFCbBhrl2,"AD,AE,AR,AT,AU,BE,BG,BH,BO,BR,CA,CH,CL,CO,CR,CY,CZ,DE,DK,DO,DZ,EC,EE,EG,ES,FI,FR,GB,GR,GT,HK,HN,HU,ID,IE,IL,IN,IS,IT,JO,JP,KW,LB,LI,LT,LU,LV,MA,MC,MT,MX,MY,NI,NL,NO,NZ,OM,PA,PE,PH,PL,PS,PT,PY,QA,RO,SA,SE,SG,SK,SV,TH,TN,TR,TW,US,UY,VN,ZA",0.0
CHVRCHES,3CjlHNtplJyTf9npxaPl5w,The Mother We Share,2pE0CMK1fE3mfU0eEOHhKw,"AR,BO,BR,CA,CL,CO,CR,EC,GT,HN,MX,NI,PA,PE,PY,SV,US,UY",61.0
Jason Mraz,4phGZZrJZRo4ElhRtViYdl,I’m Yours,5smPViFYtztTo7ww9gJXpD,"AD,AE,AR,AT,AU,BE,BG,BH,BO,BR,CA,CH,CL,CO,CR,CY,CZ,DE,DK,DO,DZ,EC,EE,EG,ES,FI,FR,GB,GR,GT,HK,HN,HU,ID,IE,IL,IN,IS,IT,JO,JP,KW,LB,LI,LT,LU,LV,MA,MC,MT,MX,MY,NI,NL,NO,NZ,OM,PA,PE,PH,PL,PS,PT,PY,QA,RO,SA,SE,SG,SK,SV,TH,TN,TR,TW,US,UY,VN,ZA",39.0
The Cure,7bu3H8JO7d0UbMoVzbo70s,Friday I'm in Love,263aNAQCeFSWipk896byo6,"CA,US",68.0
Bastille,7EQ0qTo7fWT7DPxmxtSYEc,Pompeii,3gbBpTdY8lnQwqxNCcf795,US,71.0
Eminem,7dGJo4pcD2V6oG8kP0tJRR,Love The Way You Lie,15JINEqzVMv3SvJTAXAKED,"AD,AE,AR,AT,AU,BE,BG,BH,BO,BR,CA,CH,CL,CO,CR,CY,CZ,DE,DK,DO,DZ,EC,EE,EG,ES,FI,FR,GB,GR,GT,HK,HN,HU,ID,IE,IL,IN,IS,IT,JO,JP,KW,LB,LI,LT,LU,LV,MA,MC,MT,MX,MY,NI,NL,NO,NZ,OM,PA,PE,PH,PL,PT,PY,QA,RO,SA,SE,SG,SK,SV,TH,TN,TR,TW,US,UY,VN,ZA",81.0
Made Famous By Eminem & Rihanna,1kmA3iIroiYXIQ3UY4sBhx,Love The Way You Lie,7whTetU9uIfLomUMqr6gNC,"AD,AE,AR,AT,AU,BE,BG,BH,BO,BR,CA,CH,CL,CO,CR,CY,CZ,DE,DK,DO,DZ,EC,EE,EG,ES,FI,FR,GB,GR,GT,HK,HN,HU,ID,IE,IL,IN,IS,IT,JO,JP,KW,LB,LI,LT,LU,LV,MA,MC,MT,MX,MY,NI,NL,NO,NZ,OM,PA,PE,PH,PL,PS,PT,PY,QA,RO,SA,SE,SG,SK,SV,TH,TN,TR,TW,US,UY,VN,ZA",19.0
Made famous by Eminem,2mOgJyJzA4bxXT5DIMhCII,Love the way you lie,3sfvLk4sRjHLqDYAFGkNl4,"AD,AE,AR,AT,AU,BE,BG,BH,BO,BR,CA,CH,CL,CO,CR,CY,CZ,DE,DK,DO,DZ,EC,EE,EG,ES,FI,FR,GB,GR,GT,HK,HN,HU,ID,IE,IL,IN,IS,IT,JO,JP,KW,LB,LI,LT,LU,LV,MA,MC,MT,MX,MY,NI,NL,NO,NZ,OM,PA,PE,PH,PL,PS,PT,PY,QA,RO,SA,SE,SG,SK,SV,TH,TN,TR,TW,US,UY,VN,ZA",0.0
The Black Eyed Peas,1yxSLGMDHlW21z4YXirZDS,I Gotta Feeling,4vp2J1l5RD4gMZwGFLfRAu,"CA,US",70.0
Icona Pop,1VBflYyxBhnDc9uVib98rw,I Love It (feat. Charli XCX) - Original Version,3VZQshi4COChhXaz7cLP02,"AE,AR,BE,BG,BH,BO,BR,CA,CL,CO,CR,CY,CZ,DK,DO,DZ,EC,EE,EG,ES,FI,FR,GB,GR,GT,HK,HN,HU,ID,IE,IL,IS,IT,JO,KW,LB,LT,LU,LV,MA,MT,MY,NI,NL,NO,NZ,OM,PA,PE,PH,PL,PT,PY,QA,RO,SA,SG,SK,SV,TH,TN,TR,TW,US,UY,VN",67.0
Snow Patrol,3rIZMv9rysU7JkLzEaC5Jp,Chasing Cars,11bD1JtSjlIgKgZG2134DZ,"AE,AR,AU,BH,BO,BR,CA,CL,CO,CR,DO,DZ,EC,GT,HK,HN,ID,IN,JO,KW,LB,MA,MX,MY,NI,OM,PA,PE,PH,PY,QA,SA,SG,SV,TH,TN,TR,TW,US,VN,ZA",79.0
Skrillex,5he5w2lnU9x7JFhnwcekXX,Bangarang (feat. Sirah),6VRhkROS2SZHGlp0pxndbJ,"AD,AE,AR,AT,AU,BE,BG,BH,BO,BR,CA,CH,CL,CO,CR,CY,CZ,DE,DK,DO,DZ,EC,EE,EG,ES,FI,FR,GB,GR,GT,HK,HN,HU,ID,IE,IL,IS,IT,JO,JP,KW,LB,LI,LT,LU,LV,MA,MC,MT,MX,MY,NI,NL,NO,NZ,OM,PA,PE,PH,PL,PS,PT,PY,QA,RO,SA,SE,SG,SK,SV,TH,TN,TR,TW,US,UY,VN,ZA",72.0
The Strokes,0epOFNiUfyON9EYx7Tpr6V,Last Nite,3SUusuA9jH1v6PVwtYMbdv,"AD,AE,AR,AT,AU,BE,BG,BH,BO,BR,CA,CH,CL,CO,CR,CY,CZ,DE,DK,DO,DZ,EC,EE,EG,ES,FI,FR,GR,GT,HK,HN,HU,ID,IL,IN,IS,IT,JO,JP,KW,LB,LI,LT,LU,LV,MA,MC,MT,MX,MY,NI,NL,NO,NZ,OM,PA,PE,PH,PL,PS,PT,PY,QA,RO,SA,SE,SG,SK,SV,TH,TN,TR,TW,US,UY,VN,ZA",69.0
Off The Record Karaoke,5nwMOS9spMPjD1w6AruPKl,Last Nite (In the Style of The Strokes) [Karaoke Version],0OxhAhMwtjJ3uogkhS70A0,"AD,AE,AR,AT,AU,BE,BG,BH,BO,BR,CA,CH,CL,CO,CR,CY,CZ,DE,DK,DO,DZ,EC,EE,EG,ES,FI,FR,GB,GR,GT,HK,HN,HU,ID,IE,IL,IN,IS,IT,JO,JP,KW,LB,LI,LT,LU,LV,MA,MC,MT,MX,MY,NI,NL,NO,NZ,OM,PA,PE,PH,PL,PS,PT,PY,QA,RO,SA,SE,SG,SK,SV,TH,TN,TR,TW,US,UY,VN,ZA",1.0
The Cranberries,7t0rwkOPGlDPEhaOcVtOt9,Zombie,2IZZqH4K02UIYg5EohpNHF,"AD,AE,AR,AT,AU,BE,BG,BH,BO,BR,CA,CH,CL,CO,CR,CY,CZ,DE,DK,DO,DZ,EC,EE,EG,ES,FI,FR,GB,GR,GT,HK,HN,HU,ID,IE,IL,IN,IS,IT,JO,JP,KW,LB,LI,LT,LU,LV,MA,MC,MT,MX,MY,NI,NL,NO,NZ,OM,PA,PE,PH,PL,PS,PT,PY,QA,RO,SA,SE,SG,SK,SV,TH,TN,TR,TW,US,UY,VN,ZA",81.0
TOTO,0PFtn5NtBbbUNbU9EAmIWF,Africa,2374M0fQpWi3dLnB54qaLX,"AD,AE,AR,AT,AU,BE,BG,BH,BO,BR,CA,CH,CL,CO,CR,CY,CZ,DE,DK,DO,DZ,EC,EE,EG,ES,FI,FR,GB,GR,GT,HK,HN,HU,ID,IE,IL,IN,IS,IT,JO,JP,KW,LB,LI,LT,LU,LV,MA,MC,MT,MX,MY,NI,NL,NO,NZ,OM,PA,PE,PH,PL,PS,PT,PY,QA,RO,SA,SE,SG,SK,SV,TH,TN,TR,TW,US,UY,VN,ZA",85.0
Green Day,7oPftvlwr6VrsViSDV7fJY,Basket Case,6L89mwZXSOwYl76YXfX13s,"AD,AE,AR,AT,AU,BE,BG,BH,BO,BR,CA,CH,CL,CO,CR,CY,CZ,DE,DK,DO,DZ,EC,EE,EG,ES,FI,FR,GB,GR,GT,HK,HN,HU,ID,IE,IL,IS,IT,JO,JP,KW,LB,LI,LT,LU,LV,MA,MC,MT,MX,MY,NI,NL,NO,NZ,OM,PA,PE,PH,PL,PT,PY,QA,RO,SA,SE,SG,SK,SV,TH,TN,TR,TW,US,UY,VN,ZA",80.0
Pixies,6zvul52xwTWzilBZl6BUbT,Where Is My Mind?,6mcxQ1Y3uQRU0IHsvdNLH1,"AD,AE,AR,AT,AU,BE,BG,BH,BO,BR,CA,CH,CL,CO,CR,CY,CZ,DE,DK,DO,DZ,EC,EE,EG,ES,FI,FR,GB,GR,GT,HK,HN,HU,ID,IE,IL,IN,IS,IT,JO,JP,KW,LB,LI,LT,LU,LV,MA,MC,MT,MX,MY,NI,NL,NO,NZ,OM,PA,PE,PH,PL,PS,PT,PY,QA,RO,SA,SE,SG,SK,SV,TH,TN,TR,TW,US,UY,VN,ZA",75.0
Robin Thicke,0ZrpamOxcZybMHGg1AYtHP,Blurred Lines,0n4bITAu0Y0nigrz3MFJMb,"AD,AE,AR,AT,AU,BE,BG,BH,BO,BR,CA,CH,CL,CO,CR,CY,CZ,DE,DK,DO,DZ,EC,EE,EG,ES,FI,FR,GB,GR,GT,HK,HN,HU,ID,IE,IL,IN,IS,IT,JO,KW,LB,LI,LT,LU,LV,MA,MC,MT,MX,MY,NI,NL,NO,NZ,OM,PA,PE,PH,PL,PS,PT,PY,QA,RO,SA,SE,SG,SK,SV,TH,TN,TR,TW,US,UY,VN,ZA",75.0
Red Hot Chili Peppers,0L8ExT028jH3ddEcZwqJJ5,Under the Bridge,3d9DChrdc6BOeFsbrZ3Is0,"AD,AE,AR,AT,AU,BE,BG,BH,BO,BR,CA,CH,CL,CO,CR,CY,CZ,DE,DK,DO,DZ,EC,EE,EG,ES,FI,FR,GB,GR,GT,HK,HN,HU,ID,IE,IL,IS,IT,JO,JP,KW,LB,LT,LU,LV,MA,MC,MT,MX,MY,NI,NL,NO,NZ,OM,PA,PE,PH,PL,PT,PY,QA,RO,SA,SE,SG,SK,SV,TH,TN,TR,TW,US,UY,VN,ZA",82.0
will.i.am,085pc2PYOi8bGKj0PNjekA,Scream & Shout,2iJuuzV8P9Yz0VSurttIV5,"AD,AE,AR,AT,AU,BE,BG,BH,BO,BR,CA,CH,CL,CO,CR,CY,CZ,DE,DK,DO,DZ,EC,EE,EG,ES,FI,FR,GB,GR,GT,HK,HN,HU,ID,IE,IL,IN,IS,IT,JO,KW,LB,LI,LT,LU,LV,MA,MC,MT,MX,MY,NI,NL,NO,NZ,OM,PA,PE,PH,PL,PT,PY,QA,RO,SA,SE,SG,SK,SV,TH,TN,TR,TW,US,UY,VN,ZA",73.0
Gorillaz,3AA28KZvwAUcZuOKwyblJQ,Feel Good Inc.,0d28khcov6AiegSCpG5TuT,"AD,AE,AR,AT,AU,BE,BG,BH,BO,BR,CA,CH,CL,CO,CR,CY,CZ,DE,DK,DO,DZ,EC,EE,EG,ES,FI,FR,GB,GR,GT,HK,HN,HU,ID,IE,IL,IS,IT,JO,JP,KW,LB,LT,LU,LV,MA,MC,MT,MX,MY,NI,NL,NO,NZ,OM,PA,PE,PH,PL,PT,PY,QA,RO,SA,SE,SG,SK,SV,TH,TN,TR,TW,US,UY,VN,ZA",81.0
Hozier,2FXC3k01G6Gw61bmprjgqS,Take Me to Church,1CS7Sd1u5tWkstBhpssyjP,"AU,CA,US",77.0
Empire of the Sun,67hb7towEyKvt5Z8Bx306c,Walking On A Dream,5r5cp9IpziiIsR6b93vcnQ,"AD,AE,AR,AT,AU,BE,BG,BH,BO,BR,CA,CH,CL,CO,CR,CY,CZ,DE,DK,DO,DZ,EC,EE,EG,ES,FI,FR,GB,GR,GT,HK,HN,HU,ID,IE,IL,IN,IS,IT,JO,JP,KW,LB,LI,LT,LU,LV,MA,MC,MT,MX,MY,NI,NL,NO,NZ,OM,PA,PE,PH,PL,PS,PT,PY,QA,RO,SA,SE,SG,SK,SV,TH,TN,TR,TW,US,UY,VN,ZA",72.0
Lana Del Rey,00FQb4jTyendYWaN8pK0wa,Video Games - Remastered,24jvD83UgLmrdGjhWTFslY,"CA,CR,MX,US",65.0
The Smashing Pumpkins,40Yq4vzPs9VNUrIBG5Jr2i,1979 - Remastered 2012,5QLHGv0DfpeXLNFo7SFEy1,"AD,AE,AR,AT,AU,BE,BG,BH,BO,BR,CA,CH,CL,CO,CR,CY,CZ,DE,DK,DO,DZ,EC,EE,EG,ES,FI,FR,GB,GR,GT,HK,HN,HU,ID,IE,IL,IN,IS,IT,JO,JP,KW,LB,LI,LT,LU,LV,MA,MC,MT,MX,MY,NI,NL,NO,NZ,OM,PA,PE,PH,PL,PS,PT,PY,QA,RO,SA,SE,SG,SK,SV,TH,TN,TR,TW,US,UY,VN,ZA",75.0
The Contortionist,7nCgNmfYJcsVy3vOOzExYS,1979 (Smashing Pumpkins Cover),4Dclwpxj1dM3TXyMUfPDkc,"AD,AE,AR,AT,AU,BE,BG,BH,BO,BR,CA,CH,CL,CO,CR,CY,CZ,DE,DK,DO,DZ,EC,EE,EG,ES,FI,FR,GB,GR,GT,HK,HN,HU,ID,IE,IL,IN,IS,IT,JO,JP,KW,LB,LI,LT,LU,LV,MA,MC,MT,MX,MY,NI,NL,NO,NZ,OM,PA,PE,PH,PL,PS,PT,PY,QA,RO,SA,SE,SG,SK,SV,TH,TN,TR,TW,US,UY,VN,ZA",45.0
Miley Cyrus,5YGY8feqx7naU7z4HrwZM6,We Can't Stop,2y4lAQpi5VTNLu2ldeTdUH,"AD,AE,AR,AT,AU,BE,BG,BH,BO,BR,CA,CH,CL,CO,CR,CY,CZ,DE,DK,DO,DZ,EC,EE,EG,ES,FI,FR,GB,GR,GT,HK,HN,HU,ID,IE,IL,IN,IS,IT,JO,JP,KW,LB,LI,LT,LU,LV,MA,MC,MT,MX,MY,NI,NL,NO,NZ,OM,PA,PE,PH,PL,PS,PT,PY,QA,RO,SA,SE,SG,SK,SV,TH,TN,TR,TW,US,UY,VN,ZA",78.0
Johnny Cash,6kACVPfCOnqzgfEF5ryl0x,Hurt,28cnXtME493VX9NOw9cIUh,"AD,AE,AR,AT,AU,BE,BG,BH,BO,BR,CA,CH,CL,CO,CR,CY,CZ,DE,DK,DO,DZ,EC,EE,EG,ES,FI,FR,GB,GR,GT,HK,HN,HU,ID,IE,IL,IN,IS,IT,JO,JP,KW,LB,LI,LT,LU,LV,MA,MC,MT,MX,MY,NI,NL,NO,NZ,OM,PA,PE,PH,PL,PS,PT,PY,QA,RO,SA,SE,SG,SK,SV,TH,TN,TR,TW,US,UY,VN,ZA",76.0
I Am Johnny Cash,7izCRu68MVxck3LDBy0t6l,Hurt,0v5aYLzfX4QxxzX2KhYKKU,"AD,AE,AR,AT,AU,BE,BG,BH,BO,BR,CA,CH,CL,CO,CR,CY,CZ,DE,DK,DO,DZ,EC,EE,EG,ES,FI,FR,GB,GR,GT,HK,HN,HU,ID,IE,IL,IN,IS,IT,JO,JP,KW,LB,LI,LT,LU,LV,MA,MC,MT,MX,MY,NI,NL,NO,NZ,OM,PA,PE,PH,PL,PS,PT,PY,QA,RO,SA,SE,SG,SK,SV,TH,TN,TR,TW,US,UY,VN,ZA",5.0
MAGIC!,0DxeaLnv6SyYk2DOqkLO8c,Rude,6RtPijgfPKROxEzTHNRiDp,"AD,AE,AR,AT,AU,BE,BG,BH,BO,BR,CA,CH,CL,CO,CR,CY,CZ,DE,DK,DO,DZ,EC,EE,EG,ES,FI,FR,GR,GT,HK,HN,HU,ID,IE,IL,IN,IS,IT,JO,JP,KW,LB,LI,LT,LU,LV,MA,MC,MT,MX,MY,NI,NL,NO,NZ,OM,PA,PE,PH,PL,PS,PT,PY,QA,RO,SA,SE,SG,SK,SV,TH,TN,TR,TW,US,UY,VN,ZA",78.0
