track_name,id
Intro,3872
Home,3504
Runaway,2435
Closer,2432
Radioactive,2338
Hold On,2260
Stay,2199
Alive,2130
Forever,2110
Trouble,2072
Heaven,2056
Wake Me Up,2043
Happy,2028
Crazy,2012
Kids,1980
Breathe,1977
Dreams,1977
One,1964
Angel,1962
Midnight City,1899
You,1891
Creep,1881
Get Lucky - Radio Edit,1837
Without You,1829
Paradise,1823
Royals,1819
Demons,1776
Fire,1755
Smells Like Teen Spirit,1748
Burn,1747
Wonderwall,1746
Animal,1732
Ho Hey,1731
Little Talks,1725
Hallelujah,1704
Magic,1695
We Found Love,1693
Hurricane,1684
Let Her Go,1679
Someday,1671
Summertime,1667
Somebody That I Used To Know,1644
Blurred Lines,1631
Drive,1631
Beautiful,1620
Time,1611
Wake Up,1608
Angels,1608
Pompeii,1603
Skinny Love,1591
Can't Hold Us - feat. Ray Dalton,1583
Smile,1572
Let It Go,1559
Always,1559
Animals,1555
Stay With Me,1549
Falling,1547
Diamonds,1546
Tonight,1532
Stars,1528
Human,1524
Believe,1514
Get Lucky,1494
Monster,1494
Sunshine,1487
Someone Like You,1478
Hello,1477
Hero,1469
Pumped up Kicks,1465
Summer,1458
We Are Young (feat. Janelle Mon√°e) - feat. Janelle Monae,1444
Heartbreaker,1424
Numb,1423
Run,1422
Lullaby,1411
Mr. Brightside,1400
Mirrors,1396
Ghost,1389
I Want You,1389
Hurt,1386
Sometimes,1379
Counting Stars,1379
Heartbeats,1374
Thrift Shop - feat. Wanz,1370
Bang Bang,1369
Do I Wanna Know?,1368
Seven Nation Army,1365
Thank You,1348
Baby,1345
Heartbeat,1340
Gone,1334
It's Time,1328
Mercy,1327
Halo,1326
Shine,1326
All I Want,1321
Sweet Child O' Mine,1320
Everything,1313
Lost,1312
Rather Be (feat. Jess Glynne),1303
These Days,1301
